order_id,customer_id,order_date,order_status,sales_channel,warehouse_id,shipping_address,billing_address,coupon_id,campaign_id,subtotal,discount_amount,shipping_fee,tax_amount,total_amount,payment_status,fulfillment_status,expected_delivery_date,cancellation_date,cancellation_reason,created_at,updated_at,confirmed_at,packed_at
ORD116060,CUST003232,05-08-2025,Cancelled,Marketplace,WH002,"House 376, Ring Road, Vijay Vihar, Prayagraj, Uttar Pradesh - 211006, India","House 376, Ring Road, Vijay Vihar, Prayagraj, Uttar Pradesh - 211006, India",NULL,NULL,3997,0,0,719.46,4716.46,Paid,Cancelled,08-08-2025,06-08-2025,Customer requested,05-08-2025 22:14,06-08-2025 22:45,05-08-2025 22:49,06-08-2025 22:45
ORD090178,CUST018078,29-01-2023,Cancelled,Mobile App,WH004,"House 331, Ring Road, Vijay Vihar, Khammam, Telangana - 507001, India","House 331, Ring Road, Vijay Vihar, Khammam, Telangana - 507001, India",NULL,NULL,4799,0,0,863.82,5662.82,Paid,Cancelled,01-02-2023,29-01-2023,Changed mind,29-01-2023 09:34,29-01-2023 17:34,29-01-2023 09:35,29-01-2023 17:34
ORD051371,CUST010273,17-07-2025,Cancelled,Marketplace,WH027,"House 63, Ring Road, Vijay Vihar, Pune, Maharashtra - 411001, India","House 63, Ring Road, Vijay Vihar, Pune, Maharashtra - 411001, India",NULL,NULL,17195,0,0,3095.1,20290.1,NULL,Cancelled,22-07-2025,17-07-2025,Changed mind,17-07-2025 16:55,18-07-2025 00:16,17-07-2025 16:56,18-07-2025 00:16
ORD047417,CUST009470,28-01-2023,Cancelled,Marketplace,WH021,"House 837, Ring Road, Vijay Vihar, Noida, Uttar Pradesh - 201307, India","House 837, Ring Road, Vijay Vihar, Noida, Uttar Pradesh - 201307, India",NULL,NULL,44389,0,0,7990.02,52379.02,Paid,Cancelled,31-01-2023,28-01-2023,Payment issue,28-01-2023 11:50,28-01-2023 11:50,NULL,NULL
ORD004815,CUST000987,13-07-2023,Cancelled,Website,WH030,"House 902, Ring Road, Vijay Vihar, Gwalior, Madhya Pradesh - 474002, India","House 902, Ring Road, Vijay Vihar, Gwalior, Madhya Pradesh - 474002, India",NULL,CAMP008,10999,0,0,1979.82,12978.82,Paid,Cancelled,15-07-2023,13-07-2023,Customer requested,13-07-2023 22:23,14-07-2023 00:16,13-07-2023 22:24,14-07-2023 00:16
ORD100718,CUST000149,11-06-2023,Cancelled,Mobile App,WH007,"House 394, Ring Road, Vijay Vihar, Nizamabad, Telangana - 503001, India","Flat 801, Horizon Residency, Vijay Vihar, Nizamabad, Telangana - 503001, India",NULL,NULL,3997,0,0,719.46,4716.46,Paid,Cancelled,13-06-2023,11-06-2023,Customer requested,11-06-2023 17:21,11-06-2023 20:18,11-06-2023 17:22,11-06-2023 20:18
ORD014173,CUST002877,11-10-2025,Cancelled,Website,WH021,"House 699, Ring Road, Vijay Vihar, Gurugram, Haryana - 122005, India","House 699, Ring Road, Vijay Vihar, Gurugram, Haryana - 122005, India",NULL,NULL,109999,0,0,19799.82,129798.82,NULL,Cancelled,13-10-2025,11-10-2025,Payment issue,11-10-2025 16:49,11-10-2025 18:05,11-10-2025 16:50,11-10-2025 18:05
ORD052502,CUST010499,04-09-2023,Cancelled,Mobile App,WH027,"House 450, Ring Road, Vijay Vihar, Nashik, Maharashtra - 422001, India","House 450, Ring Road, Vijay Vihar, Nashik, Maharashtra - 422001, India",NULL,NULL,1499,0,0,269.82,1768.82,Paid,Cancelled,09-09-2023,04-09-2023,Out of stock,04-09-2023 23:44,05-09-2023 01:06,04-09-2023 23:45,05-09-2023 01:06
ORD110896,CUST002197,11-11-2025,Cancelled,Website,WH007,"House 65, Ring Road, Vijay Vihar, Vijayawada, Andhra Pradesh - 520002, India","House 65, Ring Road, Vijay Vihar, Vijayawada, Andhra Pradesh - 520002, India",NULL,NULL,1699,0,0,305.82,2004.82,Paid,Cancelled,13-11-2025,11-11-2025,Customer requested,11-11-2025 22:06,12-11-2025 04:57,11-11-2025 22:07,12-11-2025 04:57
ORD076958,CUST015387,21-06-2023,Cancelled,Mobile App,WH010,"House 63, Ring Road, Vijay Vihar, Mandi, Himachal Pradesh - 175002, India","House 63, Ring Road, Vijay Vihar, Mandi, Himachal Pradesh - 175002, India",NULL,NULL,4299,0,0,773.82,5072.82,Paid,Cancelled,23-06-2023,21-06-2023,Changed mind,21-06-2023 21:01,22-06-2023 01:01,21-06-2023 21:02,22-06-2023 01:01
ORD019301,CUST003892,06-12-2023,Cancelled,Website,WH013,"House 943, Ring Road, Vijay Vihar, Navi Mumbai, Maharashtra - 400708, India","House 943, Ring Road, Vijay Vihar, Navi Mumbai, Maharashtra - 400708, India",NULL,CAMP016,228995,0,0,41219.1,270214.1,NULL,Cancelled,09-12-2023,06-12-2023,Fraud/Risk,06-12-2023 22:57,07-12-2023 00:26,06-12-2023 22:58,07-12-2023 00:26
ORD051680,CUST010337,10-12-2024,Cancelled,Website,WH026,"House 496, Ring Road, Vijay Vihar, Meerut, Uttar Pradesh - 250004, India","House 496, Ring Road, Vijay Vihar, Meerut, Uttar Pradesh - 250004, India",NULL,NULL,449,0,0,80.82,529.82,Paid,Cancelled,13-12-2024,10-12-2024,Out of stock,10-12-2024 21:08,10-12-2024 21:08,NULL,NULL
ORD055088,CUST010992,16-11-2025,Cancelled,Website,WH004,"House 545, Ring Road, Vijay Vihar, Chennai, Tamil Nadu - 600001, India","House 545, Ring Road, Vijay Vihar, Chennai, Tamil Nadu - 600001, India",NULL,NULL,3999,0,0,719.82,4718.82,Paid,Cancelled,18-11-2025,16-11-2025,Operational issue,16-11-2025 23:43,17-11-2025 01:43,16-11-2025 23:44,17-11-2025 01:43
ORD097404,CUST019556,03-12-2025,Cancelled,Website,WH014,"House 840, Ring Road, Vijay Vihar, Tirupati, Andhra Pradesh - 517503, India","Flat 1707, Golden Enclave, Laxmi Nagar, Tirupati, Andhra Pradesh - 517503, India",NULL,NULL,3299,0,0,593.82,3892.82,Paid,Cancelled,08-12-2025,03-12-2025,Delivery delay,03-12-2025 09:45,03-12-2025 12:13,03-12-2025 09:46,03-12-2025 12:13
ORD014735,CUST002986,21-05-2025,Cancelled,Website,WH003,"House 657, Ring Road, Vijay Vihar, Thiruvananthapuram, Kerala - 695002, India","House 657, Ring Road, Vijay Vihar, Thiruvananthapuram, Kerala - 695002, India",COUP044,NULL,125498,500,0,22589.64,148087.64,Paid,Cancelled,24-05-2025,21-05-2025,Customer requested,21-05-2025 18:29,21-05-2025 19:11,21-05-2025 18:30,21-05-2025 19:11
ORD039934,CUST007990,30-11-2024,Cancelled,Marketplace,WH010,"House 894, Ring Road, Vijay Vihar, Jaipur, Rajasthan - 302003, India","House 894, Ring Road, Vijay Vihar, Jaipur, Rajasthan - 302003, India",COUP160,CAMP032,1998,0,0,359.64,2357.64,Paid,Cancelled,04-12-2024,30-11-2024,Payment issue,30-11-2024 14:07,30-11-2024 16:32,30-11-2024 14:08,30-11-2024 16:32
ORD108662,CUST001765,05-07-2025,Cancelled,Website,WH015,"House 598, Ring Road, Vijay Vihar, Vadodara, Gujarat - 390003, India","House 598, Ring Road, Vijay Vihar, Vadodara, Gujarat - 390003, India",NULL,NULL,5097,0,0,917.46,6014.46,Paid,Cancelled,07-07-2025,05-07-2025,Changed mind,05-07-2025 13:30,05-07-2025 19:55,05-07-2025 13:31,05-07-2025 19:55
ORD015076,CUST003050,21-07-2023,Cancelled,Website,WH015,"House 995, Ring Road, Vijay Vihar, Mapusa, Goa - 403509, India","House 995, Ring Road, Vijay Vihar, Mapusa, Goa - 403509, India",NULL,NULL,1795,0,0,323.1,2118.1,NULL,Cancelled,26-07-2023,22-07-2023,Changed mind,21-07-2023 18:18,22-07-2023 02:28,21-07-2023 19:32,22-07-2023 02:28
ORD046543,CUST009294,13-09-2023,Cancelled,Website,WH003,"House 462, Ring Road, Vijay Vihar, Warangal, Telangana - 506004, India","House 462, Ring Road, Vijay Vihar, Warangal, Telangana - 506004, India",NULL,NULL,2146,0,0,386.28,2532.28,NULL,Cancelled,16-09-2023,13-09-2023,Customer requested,13-09-2023 23:41,14-09-2023 02:10,13-09-2023 23:42,14-09-2023 02:10
ORD037300,CUST007481,01-07-2023,Cancelled,Website,WH027,"House 516, Ring Road, Vijay Vihar, Pune, Maharashtra - 411001, India","House 516, Ring Road, Vijay Vihar, Pune, Maharashtra - 411001, India",COUP058,NULL,74699,300,0,13445.82,88144.82,Paid,Cancelled,05-07-2023,01-07-2023,Out of stock,01-07-2023 09:05,01-07-2023 10:50,01-07-2023 09:06,01-07-2023 10:50
ORD001515,CUST000308,05-08-2024,Cancelled,Mobile App,WH009,"House 678, Ring Road, Vijay Vihar, Jaipur, Rajasthan - 302001, India","House 678, Ring Road, Vijay Vihar, Jaipur, Rajasthan - 302001, India",COUP078,NULL,13399,600,0,2411.82,15810.82,Paid,Cancelled,10-08-2024,05-08-2024,Fraud/Risk,05-08-2024 12:09,05-08-2024 13:18,05-08-2024 12:10,05-08-2024 13:18
ORD051566,CUST010317,12-04-2023,Cancelled,Website,WH021,"House 76, Ring Road, Vijay Vihar, Pathankot, Punjab - 145024, India","House 76, Ring Road, Vijay Vihar, Pathankot, Punjab - 145024, India",NULL,NULL,998,0,0,179.64,1177.64,NULL,Cancelled,15-04-2023,12-04-2023,Changed mind,12-04-2023 21:51,12-04-2023 23:13,12-04-2023 21:52,12-04-2023 23:13
ORD039948,CUST007993,29-06-2023,Cancelled,Website,WH010,"House 622, Ring Road, Vijay Vihar, Shimla, Himachal Pradesh - 171002, India","House 622, Ring Road, Vijay Vihar, Shimla, Himachal Pradesh - 171002, India",COUP002,CAMP007,399,0,0,71.82,470.82,Paid,Cancelled,02-07-2023,29-06-2023,Payment issue,29-06-2023 15:58,29-06-2023 16:47,29-06-2023 15:59,29-06-2023 16:47
ORD097633,CUST019602,16-11-2025,Cancelled,Mobile App,WH010,"House 568, Ring Road, Vijay Vihar, Faridabad, Haryana - 121001, India","House 568, Ring Road, Vijay Vihar, Faridabad, Haryana - 121001, India",NULL,NULL,44998,0,0,8099.64,53097.64,Paid,Cancelled,20-11-2025,16-11-2025,Address issue,16-11-2025 16:42,16-11-2025 19:39,16-11-2025 16:43,16-11-2025 19:39
ORD119369,CUST003907,07-08-2024,Cancelled,Mobile App,WH014,"House 814, Ring Road, Vijay Vihar, Madurai, Tamil Nadu - 625002, India","House 814, Ring Road, Vijay Vihar, Madurai, Tamil Nadu - 625002, India",COUP030,CAMP026,8499,500,0,1529.82,10028.82,Paid,Cancelled,09-08-2024,07-08-2024,Customer requested,07-08-2024 22:20,07-08-2024 23:52,07-08-2024 22:21,07-08-2024 23:52
ORD055569,CUST011095,27-11-2025,Cancelled,Website,WH011,"House 314, Ring Road, Vijay Vihar, Bhopal, Madhya Pradesh - 462002, India","House 314, Ring Road, Vijay Vihar, Bhopal, Madhya Pradesh - 462002, India",COUP050,NULL,399,0,0,71.82,470.82,NULL,Cancelled,29-11-2025,27-11-2025,Customer requested,27-11-2025 14:40,27-11-2025 16:11,27-11-2025 14:41,27-11-2025 16:11
ORD051659,CUST010332,18-10-2025,Cancelled,Website,WH012,"House 219, Ring Road, Vijay Vihar, Hyderabad, Telangana - 500005, India","House 219, Ring Road, Vijay Vihar, Hyderabad, Telangana - 500005, India",NULL,NULL,42999,0,0,7739.82,50738.82,Paid,Cancelled,21-10-2025,18-10-2025,Delivery delay,18-10-2025 16:03,18-10-2025 19:09,18-10-2025 16:04,18-10-2025 19:09
ORD032574,CUST006546,24-09-2024,Cancelled,Website,WH001,"House 884, Ring Road, Vijay Vihar, Mumbai, Maharashtra - 400001, India","House 884, Ring Road, Vijay Vihar, Mumbai, Maharashtra - 400001, India",NULL,CAMP028,189,0,0,34.02,223.02,Paid,Cancelled,26-09-2024,24-09-2024,Duplicate order,24-09-2024 12:38,24-09-2024 12:38,NULL,NULL
ORD059537,CUST011884,03-03-2024,Cancelled,Marketplace,WH009,"House 106, Ring Road, Vijay Vihar, Delhi, Delhi - 110007, India","House 106, Ring Road, Vijay Vihar, Delhi, Delhi - 110007, India",NULL,NULL,39999,0,0,7199.82,47198.82,NULL,Cancelled,07-03-2024,03-03-2024,Changed mind,03-03-2024 03:10,03-03-2024 04:51,03-03-2024 03:11,03-03-2024 04:51
ORD081698,CUST016356,11-08-2024,Cancelled,Marketplace,WH001,"House 413, Ring Road, Vijay Vihar, Surat, Gujarat - 395001, India","House 413, Ring Road, Vijay Vihar, Surat, Gujarat - 395001, India",COUP077,CAMP026,81496,500,0,14669.27,96165.27,Paid,Cancelled,14-08-2024,11-08-2024,Payment issue,11-08-2024 19:50,11-08-2024 20:53,11-08-2024 19:51,11-08-2024 20:53
ORD059865,CUST011940,24-12-2025,Cancelled,Mobile App,WH015,"House 225, Ring Road, Vijay Vihar, Mumbai, Maharashtra - 400004, India","House 416, Green Valley Apartments, River Road, Aadarsh Colony, Mumbai, Maharashtra - 400004, India",COUP125,NULL,4599,900,0,827.82,5426.82,Paid,Cancelled,28-12-2025,24-12-2025,Customer requested,24-12-2025 12:17,24-12-2025 13:52,24-12-2025 12:18,24-12-2025 13:52
ORD111753,CUST002371,06-04-2023,Cancelled,Mobile App,WH013,"House 326, Ring Road, Vijay Vihar, Pune, Maharashtra - 411001, India","House 326, Ring Road, Vijay Vihar, Pune, Maharashtra - 411001, India",NULL,NULL,48999,0,0,8819.82,57818.82,Paid,Cancelled,08-04-2023,06-04-2023,Out of stock,06-04-2023 04:15,06-04-2023 06:13,06-04-2023 04:16,06-04-2023 06:13
ORD002860,CUST000579,24-10-2024,Cancelled,Marketplace,WH008,"House 86, Ring Road, Vijay Vihar, Vadodara, Gujarat - 390005, India","House 86, Ring Road, Vijay Vihar, Vadodara, Gujarat - 390005, India",COUP158,NULL,2299,0,0,413.82,2712.82,Paid,Cancelled,30-10-2024,24-10-2024,Payment issue,24-10-2024 10:01,24-10-2024 11:02,24-10-2024 10:02,24-10-2024 11:02
ORD096258,CUST019317,10-01-2023,Cancelled,Website,WH011,"House 320, Ring Road, Vijay Vihar, Jabalpur, Madhya Pradesh - 482004, India","House 320, Ring Road, Vijay Vihar, Jabalpur, Madhya Pradesh - 482004, India",NULL,NULL,154997,0,0,27899.46,182896.46,Paid,Cancelled,15-01-2023,10-01-2023,Customer requested,10-01-2023 18:00,10-01-2023 19:48,10-01-2023 18:01,10-01-2023 19:48
ORD067705,CUST013563,16-10-2025,Cancelled,Website,WH021,"House 898, Ring Road, Vijay Vihar, Janakpuri, Delhi - 110064, India","House 898, Ring Road, Vijay Vihar, Janakpuri, Delhi - 110064, India",NULL,NULL,3697,0,0,665.46,4362.46,Paid,Cancelled,19-10-2025,16-10-2025,Changed mind,16-10-2025 03:25,16-10-2025 05:01,16-10-2025 03:26,16-10-2025 05:01
ORD069485,CUST013902,17-10-2024,Cancelled,Mobile App,WH004,"House 413, Ring Road, Vijay Vihar, Warangal, Telangana - 506005, India","House 413, Ring Road, Vijay Vihar, Warangal, Telangana - 506005, India",NULL,NULL,15998,0,0,2879.64,18877.64,Paid,Cancelled,19-10-2024,17-10-2024,Customer requested,17-10-2024 04:34,17-10-2024 07:45,17-10-2024 04:35,17-10-2024 07:45
ORD025756,CUST005162,04-12-2024,Cancelled,Mobile App,WH016,"House 855, Ring Road, Vijay Vihar, Durg, Chhattisgarh - 491005, India","House 855, Ring Road, Vijay Vihar, Durg, Chhattisgarh - 491005, India",COUP160,CAMP032,47448,550,0,8540.64,55988.64,Paid,Cancelled,08-12-2024,04-12-2024,Customer requested,04-12-2024 03:50,04-12-2024 07:39,04-12-2024 03:51,04-12-2024 07:39
ORD092060,CUST018462,10-06-2024,Cancelled,Mobile App,WH014,"House 628, Ring Road, Vijay Vihar, Kochi, Kerala - 682001, India","Flat 1103, Royal Heights, Rose Residency, Kochi, Kerala - 682001, India",NULL,NULL,1298,0,0,233.64,1531.64,Paid,Cancelled,13-06-2024,10-06-2024,Customer requested,10-06-2024 18:44,11-06-2024 01:20,10-06-2024 18:45,11-06-2024 01:20
ORD006343,CUST001290,24-11-2025,Cancelled,Website,WH006,"House 266, Ring Road, Vijay Vihar, Guwahati, Assam - 781005, India","House 266, Ring Road, Vijay Vihar, Guwahati, Assam - 781005, India",NULL,NULL,1699,0,0,305.82,2004.82,Paid,Cancelled,29-11-2025,24-11-2025,Payment issue,24-11-2025 05:04,24-11-2025 06:18,24-11-2025 05:05,24-11-2025 06:18
ORD109528,CUST001938,20-01-2025,Cancelled,Mobile App,WH002,"House 417, Ring Road, Vijay Vihar, Kanpur, Uttar Pradesh - 208001, India","House 417, Ring Road, Vijay Vihar, Kanpur, Uttar Pradesh - 208001, India",NULL,CAMP035,129997,0,0,23399.46,153396.46,NULL,Cancelled,24-01-2025,20-01-2025,Payment issue,20-01-2025 12:45,20-01-2025 12:45,NULL,NULL
ORD012336,CUST002492,13-05-2025,Cancelled,Website,WH005,"House 736, Ring Road, Vijay Vihar, Vadodara, Gujarat - 390002, India","House 736, Ring Road, Vijay Vihar, Vadodara, Gujarat - 390002, India",NULL,NULL,2399,0,0,431.82,2830.82,Paid,Cancelled,16-05-2025,13-05-2025,Payment issue,13-05-2025 18:53,13-05-2025 21:33,13-05-2025 18:54,13-05-2025 21:33
ORD072220,CUST014445,11-02-2025,Cancelled,Website,WH011,"House 677, Ring Road, Vijay Vihar, Indore, Madhya Pradesh - 452004, India","Flat 508, Metro Residency, Subhash Road, Lake Enclave, Indore, Madhya Pradesh - 452004, India",NULL,NULL,799,0,0,143.82,942.82,NULL,Cancelled,14-02-2025,11-02-2025,Changed mind,11-02-2025 12:13,11-02-2025 16:04,11-02-2025 12:14,11-02-2025 16:04
ORD122625,CUST004537,16-09-2025,Cancelled,Marketplace,WH013,"House 484, Ring Road, Vijay Vihar, Surat, Gujarat - 395005, India","House 484, Ring Road, Vijay Vihar, Surat, Gujarat - 395005, India",NULL,NULL,1598,0,0,287.64,1885.64,Paid,Cancelled,19-09-2025,16-09-2025,Changed mind,16-09-2025 23:22,17-09-2025 05:35,16-09-2025 23:23,17-09-2025 05:35
ORD066512,CUST013329,08-09-2025,Cancelled,Website,WH009,"House 8, Ring Road, Vijay Vihar, Ludhiana, Punjab - 141001, India","House 8, Ring Road, Vijay Vihar, Ludhiana, Punjab - 141001, India",COUP114,NULL,999,0,0,179.82,1178.82,Paid,Cancelled,10-09-2025,08-09-2025,Changed mind,08-09-2025 11:01,09-09-2025 00:37,08-09-2025 11:02,09-09-2025 00:37
ORD104166,CUST000855,20-01-2024,Cancelled,Website,WH004,"House 887, Ring Road, Vijay Vihar, Thiruvananthapuram, Kerala - 695001, India","House 887, Ring Road, Vijay Vihar, Thiruvananthapuram, Kerala - 695001, India",NULL,CAMP019,8499,0,0,1529.82,10028.82,NULL,Cancelled,25-01-2024,20-01-2024,Customer requested,20-01-2024 07:12,20-01-2024 10:06,20-01-2024 07:13,20-01-2024 10:06
ORD020507,CUST004134,13-01-2024,Cancelled,Marketplace,WH026,"House 342, Ring Road, Vijay Vihar, Ludhiana, Punjab - 141005, India","House 342, Ring Road, Vijay Vihar, Ludhiana, Punjab - 141005, India",NULL,CAMP019,12694,0,0,2284.92,14978.92,Paid,Cancelled,18-01-2024,13-01-2024,Delivery delay,13-01-2024 23:21,14-01-2024 00:32,13-01-2024 23:22,14-01-2024 00:32
ORD011258,CUST002268,12-05-2023,Cancelled,Website,WH011,"House 232, Ring Road, Vijay Vihar, Jabalpur, Madhya Pradesh - 482003, India","House 232, Ring Road, Vijay Vihar, Jabalpur, Madhya Pradesh - 482003, India",NULL,CAMP006,15998,0,0,2879.64,18877.64,Paid,Cancelled,14-05-2023,12-05-2023,Changed mind,12-05-2023 21:45,13-05-2023 00:37,12-05-2023 21:46,13-05-2023 00:37
ORD100605,CUST000123,15-08-2025,Cancelled,Website,WH022,"House 763, Ring Road, Vijay Vihar, Jorhat, Assam - 785004, India","House 763, Ring Road, Vijay Vihar, Jorhat, Assam - 785004, India",NULL,NULL,897,0,0,161.46,1058.46,Paid,Cancelled,17-08-2025,15-08-2025,Delivery delay,15-08-2025 10:46,15-08-2025 12:58,15-08-2025 10:47,15-08-2025 12:58
ORD056923,CUST011371,26-02-2024,Cancelled,Mobile App,WH001,"House 775, Ring Road, Vijay Vihar, Margao, Goa - 403604, India","House 775, Ring Road, Vijay Vihar, Margao, Goa - 403604, India",NULL,NULL,174950,0,0,31491,206441,Paid,Cancelled,01-03-2024,26-02-2024,Customer requested,26-02-2024 11:59,26-02-2024 13:25,26-02-2024 12:00,26-02-2024 13:25
ORD086925,CUST017401,14-09-2025,Cancelled,Website,WH001,"House 29, Ring Road, Vijay Vihar, Pune, Maharashtra - 411005, India","House 29, Ring Road, Vijay Vihar, Pune, Maharashtra - 411005, India",NULL,NULL,1482,0,0,266.76,1748.76,Paid,Cancelled,19-09-2025,14-09-2025,Customer requested,14-09-2025 00:53,14-09-2025 02:08,14-09-2025 00:54,14-09-2025 02:08
ORD113321,CUST002707,03-09-2024,Cancelled,Website,WH005,"House 576, Ring Road, Vijay Vihar, Margao, Goa - 403601, India","House 576, Ring Road, Vijay Vihar, Margao, Goa - 403601, India",NULL,CAMP028,16999,0,0,3059.82,20058.82,Paid,Cancelled,04-09-2024,03-09-2024,Other,03-09-2024 17:27,04-09-2024 12:03,03-09-2024 17:28,04-09-2024 12:03
ORD025437,CUST005102,18-05-2024,Cancelled,Website,WH009,"House 916, Ring Road, Vijay Vihar, Bikaner, Rajasthan - 334005, India","House 916, Ring Road, Vijay Vihar, Bikaner, Rajasthan - 334005, India",NULL,NULL,45696,0,0,8225.28,53921.28,Paid,Cancelled,20-05-2024,18-05-2024,Other,18-05-2024 09:20,18-05-2024 10:21,18-05-2024 09:21,18-05-2024 10:21
ORD006245,CUST001272,22-10-2025,Cancelled,Website,WH024,"House 34, Ring Road, Vijay Vihar, Ranchi, Jharkhand - 834005, India","House 34, Ring Road, Vijay Vihar, Ranchi, Jharkhand - 834005, India",COUP175,NULL,999,0,0,179.82,1178.82,NULL,Cancelled,25-10-2025,22-10-2025,Changed mind,22-10-2025 18:35,22-10-2025 20:13,22-10-2025 18:36,22-10-2025 20:13
ORD081943,CUST016401,22-02-2025,Cancelled,Website,WH023,"House 945, Ring Road, Vijay Vihar, Bhavnagar, Gujarat - 364001, India","House 945, Ring Road, Vijay Vihar, Bhavnagar, Gujarat - 364001, India",NULL,NULL,3498,0,0,629.64,4127.64,Paid,Cancelled,25-02-2025,22-02-2025,Address issue,22-02-2025 10:22,22-02-2025 11:50,22-02-2025 10:23,22-02-2025 11:50
ORD024113,CUST004837,09-07-2025,Cancelled,Marketplace,WH009,"House 203, Ring Road, Vijay Vihar, Bikaner, Rajasthan - 334004, India","House 203, Ring Road, Vijay Vihar, Bikaner, Rajasthan - 334004, India",COUP050,NULL,1349.1,149.9,0,242.84,1591.94,Paid,Cancelled,12-07-2025,09-07-2025,Customer requested,09-07-2025 07:38,09-07-2025 08:52,09-07-2025 07:39,09-07-2025 08:52
ORD070600,CUST014131,01-08-2025,Cancelled,Website,WH021,"House 634, Ring Road, Vijay Vihar, Ujjain, Madhya Pradesh - 456005, India","House 634, Ring Road, Vijay Vihar, Ujjain, Madhya Pradesh - 456005, India",NULL,NULL,2797,0,0,503.46,3300.46,Paid,Cancelled,05-08-2025,01-08-2025,Customer requested,01-08-2025 10:54,01-08-2025 10:54,NULL,NULL
ORD061958,CUST012385,22-03-2023,Cancelled,Website,WH009,"House 203, Ring Road, Vijay Vihar, Ghaziabad, Uttar Pradesh - 201004, India","House 203, Ring Road, Vijay Vihar, Ghaziabad, Uttar Pradesh - 201004, India",NULL,NULL,20999,0,0,3779.82,24778.82,Paid,Cancelled,24-03-2023,22-03-2023,Other,22-03-2023 18:02,22-03-2023 19:53,22-03-2023 18:03,22-03-2023 19:53
ORD052629,CUST010526,25-09-2024,Cancelled,Website,WH014,"House 867, Ring Road, Vijay Vihar, Hyderabad, Telangana - 500003, India","House 867, Ring Road, Vijay Vihar, Hyderabad, Telangana - 500003, India",NULL,NULL,83994,0,0,15118.92,99112.92,Paid,Cancelled,30-09-2024,25-09-2024,Out of stock,25-09-2024 13:47,25-09-2024 19:57,25-09-2024 13:48,25-09-2024 19:57
ORD009336,CUST001901,17-07-2025,Cancelled,Website,WH023,"House 229, Ring Road, Vijay Vihar, Mumbai, Maharashtra - 400005, India","House 229, Ring Road, Vijay Vihar, Mumbai, Maharashtra - 400005, India",NULL,NULL,9999,0,0,1799.82,11798.82,NULL,Cancelled,20-07-2025,17-07-2025,Delivery delay,17-07-2025 09:12,17-07-2025 22:41,17-07-2025 09:13,17-07-2025 22:41
ORD040088,CUST008021,17-12-2024,Cancelled,Mobile App,WH008,"House 813, Ring Road, Vijay Vihar, Nagpur, Maharashtra - 440003, India","House 813, Ring Road, Vijay Vihar, Nagpur, Maharashtra - 440003, India",NULL,CAMP033,1046,0,0,188.28,1234.28,Paid,Cancelled,20-12-2024,17-12-2024,Customer requested,17-12-2024 10:53,17-12-2024 13:59,17-12-2024 10:54,17-12-2024 13:59
ORD027210,CUST005465,21-03-2025,Cancelled,Mobile App,WH003,"House 801, Ring Road, Vijay Vihar, Hyderabad, Telangana - 500002, India","House 801, Ring Road, Vijay Vihar, Hyderabad, Telangana - 500002, India",NULL,NULL,119999,0,0,21599.82,141598.82,NULL,Cancelled,23-03-2025,21-03-2025,Address issue,21-03-2025 20:21,21-03-2025 22:04,21-03-2025 20:22,21-03-2025 22:04
ORD077625,CUST015531,19-11-2024,Cancelled,Marketplace,WH030,"House 655, Ring Road, Vijay Vihar, Mumbai, Maharashtra - 400003, India","House 655, Ring Road, Vijay Vihar, Mumbai, Maharashtra - 400003, India",NULL,NULL,5999,0,0,1079.82,7078.82,Paid,Cancelled,26-11-2024,19-11-2024,Address issue,19-11-2024 23:54,20-11-2024 01:46,19-11-2024 23:55,20-11-2024 01:46
ORD019135,CUST003853,25-04-2025,Cancelled,Website,WH013,"House 797, Ring Road, Vijay Vihar, Navi Mumbai, Maharashtra - 400615, India","House 797, Ring Road, Vijay Vihar, Navi Mumbai, Maharashtra - 400615, India",NULL,CAMP037,115998,0,0,20879.64,136877.64,Paid,Cancelled,29-04-2025,25-04-2025,Address issue,25-04-2025 06:44,25-04-2025 11:19,25-04-2025 06:45,25-04-2025 11:19
ORD105074,CUST001038,10-06-2024,Cancelled,Mobile App,WH018,"House 87, Ring Road, Vijay Vihar, Bengaluru, Karnataka - 560003, India","House 87, Ring Road, Vijay Vihar, Bengaluru, Karnataka - 560003, India",NULL,NULL,3398,0,0,611.64,4009.64,Paid,Cancelled,12-06-2024,10-06-2024,Out of stock,10-06-2024 15:15,10-06-2024 16:05,10-06-2024 15:16,10-06-2024 16:05
ORD004777,CUST000976,13-01-2025,Cancelled,Marketplace,WH011,"House 438, Ring Road, Vijay Vihar, Durg, Chhattisgarh - 491001, India","House 438, Ring Road, Vijay Vihar, Durg, Chhattisgarh - 491001, India",NULL,NULL,2447,0,0,440.46,2887.46,Paid,Cancelled,19-01-2025,13-01-2025,Delivery delay,13-01-2025 22:05,13-01-2025 23:22,13-01-2025 22:06,13-01-2025 23:22
ORD117988,CUST003620,30-01-2025,Cancelled,Marketplace,WH007,"House 22, Ring Road, Vijay Vihar, Warangal, Telangana - 506004, India","House 22, Ring Road, Vijay Vihar, Warangal, Telangana - 506004, India",COUP102,NULL,3796,0,0,683.28,4479.28,Paid,Cancelled,02-02-2025,30-01-2025,Customer requested,30-01-2025 23:17,31-01-2025 00:44,30-01-2025 23:18,31-01-2025 00:44
ORD075452,CUST015067,08-11-2023,Cancelled,Website,WH005,"House 692, Ring Road, Vijay Vihar, Ahmedabad, Gujarat - 380001, India","House 692, Ring Road, Vijay Vihar, Ahmedabad, Gujarat - 380001, India",NULL,NULL,1798,0,0,323.64,2121.64,Paid,Cancelled,12-11-2023,08-11-2023,Payment issue,08-11-2023 14:01,08-11-2023 15:47,08-11-2023 14:02,08-11-2023 15:47
ORD059678,CUST011910,27-11-2025,Cancelled,Website,WH016,"House 632, Ring Road, Vijay Vihar, Ujjain, Madhya Pradesh - 456005, India","House 632, Ring Road, Vijay Vihar, Ujjain, Madhya Pradesh - 456005, India",NULL,NULL,1347,0,0,242.46,1589.46,Paid,Cancelled,01-12-2025,27-11-2025,Customer requested,27-11-2025 05:09,27-11-2025 05:09,NULL,NULL
ORD070377,CUST014086,30-05-2025,Cancelled,Website,WH013,"House 906, Ring Road, Vijay Vihar, Mumbai, Maharashtra - 400002, India","House 906, Ring Road, Vijay Vihar, Mumbai, Maharashtra - 400002, India",NULL,NULL,195,0,0,35.1,230.1,Paid,Cancelled,02-06-2025,30-05-2025,Duplicate order,30-05-2025 18:00,30-05-2025 19:07,30-05-2025 18:01,30-05-2025 19:07
ORD057018,CUST011388,01-12-2024,Cancelled,Marketplace,WH005,"House 673, Ring Road, Vijay Vihar, Mumbai, Maharashtra - 400005, India","House 673, Ring Road, Vijay Vihar, Mumbai, Maharashtra - 400005, India",NULL,NULL,54999,0,0,9899.82,64898.82,NULL,Cancelled,06-12-2024,01-12-2024,Payment issue,01-12-2024 22:56,02-12-2024 00:17,01-12-2024 22:57,02-12-2024 00:17
ORD032439,CUST006511,19-09-2025,Cancelled,Website,WH002,"House 212, Ring Road, Vijay Vihar, Kanpur, Uttar Pradesh - 208003, India","House 212, Ring Road, Vijay Vihar, Kanpur, Uttar Pradesh - 208003, India",COUP050,NULL,1439.1,159.9,0,259.04,1698.14,Paid,Cancelled,24-09-2025,19-09-2025,Duplicate order,19-09-2025 13:12,19-09-2025 16:15,19-09-2025 13:13,19-09-2025 16:15
ORD055564,CUST011094,09-11-2023,Cancelled,Website,WH001,"House 782, Ring Road, Vijay Vihar, Mumbai, Maharashtra - 400004, India","House 782, Ring Road, Vijay Vihar, Mumbai, Maharashtra - 400004, India",NULL,NULL,3798,0,0,683.64,4481.64,Paid,Cancelled,12-11-2023,09-11-2023,Customer requested,09-11-2023 12:48,09-11-2023 19:20,09-11-2023 12:49,09-11-2023 19:20
ORD094520,CUST018980,12-10-2023,Cancelled,Website,WH002,"House 871, Ring Road, Vijay Vihar, Bengaluru, Karnataka - 560005, India","Flat 1906, Lotus Residency, Temple Road, Orchid Apartments, Bengaluru, Karnataka - 560005, India",COUP138,NULL,85198,300,0,15335.64,100533.64,Paid,Cancelled,17-10-2023,12-10-2023,Delivery delay,12-10-2023 18:39,12-10-2023 19:31,12-10-2023 18:40,12-10-2023 19:31
ORD061193,CUST012219,26-09-2025,Cancelled,Website,WH007,"House 487, Ring Road, Vijay Vihar, Madurai, Tamil Nadu - 625005, India","House 487, Ring Road, Vijay Vihar, Madurai, Tamil Nadu - 625005, India",NULL,NULL,2499,0,0,449.82,2948.82,Paid,Cancelled,01-10-2025,26-09-2025,Fraud/Risk,26-09-2025 21:32,26-09-2025 21:32,NULL,NULL
ORD124153,CUST004846,27-05-2025,Cancelled,Marketplace,WH026,"House 730, Ring Road, Vijay Vihar, Agra, Uttar Pradesh - 282001, India","House 730, Ring Road, Vijay Vihar, Agra, Uttar Pradesh - 282001, India",COUP107,NULL,923,0,0,166.14,1089.14,Paid,Cancelled,01-06-2025,27-05-2025,Duplicate order,27-05-2025 20:25,27-05-2025 22:14,27-05-2025 20:26,27-05-2025 22:14
ORD005670,CUST001152,03-09-2024,Cancelled,Marketplace,WH026,"House 14, Ring Road, Vijay Vihar, Agra, Uttar Pradesh - 282005, India","House 14, Ring Road, Vijay Vihar, Agra, Uttar Pradesh - 282005, India",COUP155,NULL,232687,300,0,41883.66,274570.66,Paid,Cancelled,07-09-2024,03-09-2024,Payment issue,03-09-2024 08:39,03-09-2024 08:39,NULL,NULL
ORD074412,CUST014876,10-03-2025,Cancelled,Website,WH001,"House 110, Ring Road, Vijay Vihar, Vadodara, Gujarat - 390005, India","House 110, Ring Road, Vijay Vihar, Vadodara, Gujarat - 390005, India",NULL,CAMP036,95498,0,0,17189.64,112687.64,Paid,Cancelled,11-03-2025,10-03-2025,Customer requested,10-03-2025 23:15,11-03-2025 01:50,10-03-2025 23:16,11-03-2025 01:50
ORD031481,CUST006327,12-11-2024,Cancelled,Mobile App,WH017,"House 692, Ring Road, Vijay Vihar, Kolkata, West Bengal - 700005, India","House 692, Ring Road, Vijay Vihar, Kolkata, West Bengal - 700005, India",NULL,NULL,349,0,0,62.82,411.82,NULL,Cancelled,17-11-2024,12-11-2024,Other,12-11-2024 18:38,12-11-2024 19:22,12-11-2024 18:39,12-11-2024 19:22
ORD083065,CUST016621,25-08-2025,Cancelled,Website,WH016,"House 324, Ring Road, Vijay Vihar, Raipur, Chhattisgarh - 492003, India","House 324, Ring Road, Vijay Vihar, Raipur, Chhattisgarh - 492003, India",NULL,NULL,14995,0,0,2699.1,17694.1,Paid,Cancelled,28-08-2025,25-08-2025,Customer requested,25-08-2025 15:50,25-08-2025 16:27,25-08-2025 15:51,25-08-2025 16:27
ORD022123,CUST004438,30-06-2025,Cancelled,Website,WH018,"House 892, Ring Road, Vijay Vihar, Thiruvananthapuram, Kerala - 695002, India","House 892, Ring Road, Vijay Vihar, Thiruvananthapuram, Kerala - 695002, India",COUP108,NULL,51699,300,0,9305.82,61004.82,Paid,Cancelled,03-07-2025,30-06-2025,Customer requested,30-06-2025 21:25,30-06-2025 22:24,30-06-2025 21:26,30-06-2025 22:24
ORD039246,CUST007867,04-03-2024,Cancelled,Mobile App,WH002,"House 548, Ring Road, Vijay Vihar, Jalandhar, Punjab - 144005, India","House 548, Ring Road, Vijay Vihar, Jalandhar, Punjab - 144005, India",COUP184,NULL,509,0,0,91.62,600.62,Paid,Cancelled,06-03-2024,04-03-2024,Customer requested,04-03-2024 14:48,04-03-2024 14:48,NULL,NULL
ORD102363,CUST000486,24-03-2025,Cancelled,Website,WH027,"House 614, Ring Road, Vijay Vihar, Navi Mumbai, Maharashtra - 400615, India","House 614, Ring Road, Vijay Vihar, Navi Mumbai, Maharashtra - 400615, India",NULL,NULL,2094,0,0,376.92,2470.92,NULL,Cancelled,28-03-2025,24-03-2025,Payment issue,24-03-2025 11:48,24-03-2025 11:48,NULL,NULL
ORD105243,CUST001071,15-09-2023,Cancelled,Website,WH029,"House 569, Ring Road, Vijay Vihar, Asansol, West Bengal - 713302, India","House 569, Ring Road, Vijay Vihar, Asansol, West Bengal - 713302, India",NULL,NULL,22999,0,0,4139.82,27138.82,NULL,Cancelled,17-09-2023,15-09-2023,Customer requested,15-09-2023 15:01,15-09-2023 16:22,15-09-2023 15:02,15-09-2023 16:22
ORD057933,CUST011553,10-01-2024,Cancelled,Website,WH021,"House 895, Ring Road, Vijay Vihar, Noida, Uttar Pradesh - 201301, India","House 895, Ring Road, Vijay Vihar, Noida, Uttar Pradesh - 201301, India",NULL,NULL,997,0,0,179.46,1176.46,Paid,Cancelled,13-01-2024,10-01-2024,Payment issue,10-01-2024 04:31,10-01-2024 07:35,10-01-2024 04:32,10-01-2024 07:35
ORD051289,CUST010254,08-04-2024,Cancelled,Mobile App,WH002,"House 516, Ring Road, Vijay Vihar, Gorakhpur, Uttar Pradesh - 273003, India","House 516, Ring Road, Vijay Vihar, Gorakhpur, Uttar Pradesh - 273003, India",NULL,NULL,749,0,0,134.82,883.82,Paid,Cancelled,11-04-2024,09-04-2024,Out of stock,08-04-2024 10:15,09-04-2024 07:09,08-04-2024 11:30,09-04-2024 07:09
ORD098798,CUST019829,15-07-2024,Cancelled,Marketplace,WH023,"House 353, Ring Road, Vijay Vihar, Ahmedabad, Gujarat - 380005, India","House 353, Ring Road, Vijay Vihar, Ahmedabad, Gujarat - 380005, India",NULL,NULL,1598,0,0,287.64,1885.64,Paid,Cancelled,21-07-2024,15-07-2024,Duplicate order,15-07-2024 21:25,15-07-2024 21:25,NULL,NULL
ORD052740,CUST010553,03-06-2024,Cancelled,Mobile App,WH007,"House 863, Ring Road, Vijay Vihar, Tumakuru, Karnataka - 572105, India","House 429, Sector Road, Skyline Residency, Tumakuru, Karnataka - 572105, India",COUP075,NULL,1882.75,332.25,0,338.9,2221.65,Paid,Cancelled,05-06-2024,03-06-2024,Delivery delay,03-06-2024 14:12,03-06-2024 15:15,03-06-2024 14:13,03-06-2024 15:15
ORD058213,CUST011612,06-04-2024,Cancelled,Marketplace,WH009,"House 688, Ring Road, Vijay Vihar, New Delhi, Delhi - 110005, India","House 688, Ring Road, Vijay Vihar, New Delhi, Delhi - 110005, India",COUP149,NULL,90,0,0,16.2,106.2,Paid,Cancelled,10-04-2024,06-04-2024,Duplicate order,06-04-2024 21:36,06-04-2024 23:06,06-04-2024 21:37,06-04-2024 23:06
ORD071813,CUST014371,03-10-2023,Cancelled,Mobile App,WH006,"House 312, Ring Road, Vijay Vihar, Bhubaneswar, Odisha - 751001, India","House 312, Ring Road, Vijay Vihar, Bhubaneswar, Odisha - 751001, India",NULL,NULL,29999,0,0,5399.82,35398.82,NULL,Cancelled,07-10-2023,03-10-2023,Payment issue,03-10-2023 17:56,03-10-2023 18:44,03-10-2023 17:57,03-10-2023 18:44
ORD089909,CUST018022,08-11-2023,Cancelled,Website,WH018,"House 646, Ring Road, Vijay Vihar, Mysuru, Karnataka - 570004, India","House 972, Hospital Road, Green Park, Mysuru, Karnataka - 570004, India",NULL,CAMP014,12196,0,0,2195.28,14391.28,Paid,Cancelled,10-11-2023,08-11-2023,Out of stock,08-11-2023 04:02,08-11-2023 05:39,08-11-2023 04:03,08-11-2023 05:39
ORD074260,CUST014848,13-02-2024,Cancelled,Website,WH016,"House 813, Ring Road, Vijay Vihar, Gwalior, Madhya Pradesh - 474005, India","House 813, Ring Road, Vijay Vihar, Gwalior, Madhya Pradesh - 474005, India",NULL,NULL,6999,0,0,1259.82,8258.82,NULL,Cancelled,14-02-2024,13-02-2024,Changed mind,13-02-2024 18:40,13-02-2024 20:26,13-02-2024 18:41,13-02-2024 20:26
ORD084704,CUST016945,06-01-2025,Cancelled,Mobile App,WH008,"House 176, Ring Road, Vijay Vihar, Rajkot, Gujarat - 360001, India","House 764, Shivaji Road, Sanjay Nagar, Rajkot, Gujarat - 360001, India",NULL,NULL,649,0,0,116.82,765.82,NULL,Cancelled,08-01-2025,06-01-2025,Payment issue,06-01-2025 08:48,06-01-2025 09:57,06-01-2025 08:49,06-01-2025 09:57
ORD013997,CUST002841,27-04-2023,Cancelled,Mobile App,WH012,"House 146, Ring Road, Vijay Vihar, Vijayawada, Andhra Pradesh - 520001, India","House 146, Ring Road, Vijay Vihar, Vijayawada, Andhra Pradesh - 520001, India",NULL,NULL,39999,0,0,7199.82,47198.82,Paid,Cancelled,02-05-2023,27-04-2023,Customer requested,27-04-2023 08:44,27-04-2023 18:33,27-04-2023 08:45,27-04-2023 18:33
ORD026547,CUST005323,30-04-2023,Cancelled,Website,WH009,"House 98, Ring Road, Vijay Vihar, Gurugram, Haryana - 122003, India","House 98, Ring Road, Vijay Vihar, Gurugram, Haryana - 122003, India",NULL,NULL,26304,0,0,4734.72,31038.72,Paid,Cancelled,02-05-2023,01-05-2023,Product information issue,30-04-2023 22:07,01-05-2023 15:02,30-04-2023 22:23,01-05-2023 15:02
ORD121199,CUST004263,30-09-2023,Cancelled,Mobile App,WH013,"House 892, Ring Road, Vijay Vihar, Thane, Maharashtra - 400603, India","House 892, Ring Road, Vijay Vihar, Thane, Maharashtra - 400603, India",NULL,CAMP013,1599,0,0,287.82,1886.82,Paid,Cancelled,05-10-2023,30-09-2023,Delivery delay,30-09-2023 03:13,30-09-2023 08:56,30-09-2023 03:14,30-09-2023 08:56
ORD014409,CUST002922,26-11-2025,Cancelled,Marketplace,WH002,"House 808, Ring Road, Vijay Vihar, Lucknow, Uttar Pradesh - 226004, India","House 808, Ring Road, Vijay Vihar, Lucknow, Uttar Pradesh - 226004, India",NULL,NULL,29900,0,0,5382,35282,Paid,Cancelled,28-11-2025,26-11-2025,Changed mind,26-11-2025 22:52,27-11-2025 05:45,26-11-2025 22:53,27-11-2025 05:45
ORD060950,CUST012162,26-08-2024,Cancelled,Marketplace,WH011,"House 629, Ring Road, Vijay Vihar, Korba, Chhattisgarh - 495681, India","House 629, Ring Road, Vijay Vihar, Korba, Chhattisgarh - 495681, India",NULL,NULL,2299,0,0,413.82,2712.82,Paid,Cancelled,29-08-2024,26-08-2024,Changed mind,26-08-2024 23:24,27-08-2024 03:22,26-08-2024 23:25,27-08-2024 03:22
ORD010121,CUST002053,28-04-2024,Cancelled,Website,WH026,"House 698, Ring Road, Vijay Vihar, Jammu, Jammu & Kashmir - 180003, India","House 698, Ring Road, Vijay Vihar, Jammu, Jammu & Kashmir - 180003, India",COUP073,NULL,299,0,0,53.82,352.82,Paid,Cancelled,30-04-2024,28-04-2024,Payment issue,28-04-2024 18:38,28-04-2024 21:26,28-04-2024 18:39,28-04-2024 21:26
ORD117604,CUST003541,12-12-2025,Cancelled,Website,WH011,"House 389, Ring Road, Vijay Vihar, Indore, Madhya Pradesh - 452004, India","House 389, Ring Road, Vijay Vihar, Indore, Madhya Pradesh - 452004, India",COUP100,NULL,599,0,0,107.82,706.82,Paid,Cancelled,14-12-2025,12-12-2025,Fraud/Risk,12-12-2025 22:07,13-12-2025 00:07,12-12-2025 22:08,13-12-2025 00:07
