product_id,product_name,category_id,subcategory_id,brand,supplier_id,unit_cost,selling_price,mrp,launch_date,product_status,weight_kg,rating
PROD0001, Samsung Galaxy A14 5G,CAT001,SUB0001,Samsung,SUP043,10500,12999,15999,04-01-2023,active,0.202,3.8
PROD0002, Samsung Galaxy A24 4G,CAT001,SUB0001,Samsung,SUP002,13500,16999,19999,19-04-2023,active,0.195,3.6
PROD0003, Samsung Galaxy A34 5G,CAT001,SUB0001,Samsung,SUP024,21500,25999,30999,15-03-2023,active,0.199,4
PROD0004, Samsung Galaxy A54 5G,CAT001,SUB0001,Samsung,SUP003,30000,34999,41999,15-03-2023,active,0.202,4.2
PROD0005, Samsung Galaxy S23,CAT001,SUB0001,Samsung,SUP002,51000,64999,74999,17-02-2023,active,0.168,4.1
PROD0006, Samsung Galaxy S23 FE,CAT001,SUB0001,Samsung,SUP008,39000,49999,59999,04-10-2023,active,0.209,4.1
PROD0007, Samsung Galaxy S24,CAT001,SUB0001,Samsung,SUP038,54000,67999,79999,31-01-2024,active,0.167,3.9
PROD0008, Samsung Galaxy S24 Ultra,CAT001,SUB0001,Samsung,SUP008,96000,129999,149999,31-01-2024,active,0.232,4.1
PROD0009, OnePlus Nord CE 3 Lite 5G,CAT001,SUB0001,OnePlus,SUP003,11500,18999,21999,04-04-2023,active,0.195,3.7
PROD0010, OnePlus Nord 3 5G,CAT001,SUB0001,OnePlus,SUP033,24500,33999,38999,15-07-2023,active,0.193,3.8
PROD0011, OnePlus 11 5G,CAT001,SUB0001,OnePlus,SUP018,47000,56999,61999,07-02-2023,active,0.205,3.9
PROD0012, OnePlus 12R,CAT001,SUB0001,OnePlus,SUP018,33000,39999,45999,06-01-2024,active,0.207,4.2
PROD0013, OnePlus 12,CAT001,SUB0001,OnePlus,SUP046,52000,64999,69999,30-01-2024,active,0.22,3.7
PROD0014, Google Pixel 7a,CAT001,SUB0001,Google,SUP003,29000,39999,43999,11-05-2023,active,0.193,4
PROD0015, Google Pixel 8,CAT001,SUB0001,Google,SUP038,50000,75999,79999,12-10-2023,active,0.187,4.2
PROD0016, Google Pixel 8 Pro,CAT001,SUB0001,Google,SUP018,70000,106999,109999,12-10-2023,active,0.213,4.3
PROD0018, Redmi Note 12 Pro+ 5G,CAT001,SUB0001,Xiaomi,SUP002,22500,29999,32999,11-01-2023,active,0.21,3.7
PROD0019, Redmi Note 13 5G,CAT001,SUB0001,Xiaomi,SUP033,15500,17999,20999,04-01-2024,active,0.174,4.1
PROD0020, Xiaomi 13 Pro,CAT001,SUB0001,Xiaomi,SUP038,60000,79999,89999,26-02-2023,active,0.229,3.7
PROD0021, Xiaomi 14,CAT001,SUB0001,Xiaomi,SUP008,50000,69999,79999,07-03-2024,active,0.193,4.2
PROD0023, Vivo V29 5G,CAT001,SUB0001,Vivo,SUP033,26000,32999,36999,04-10-2023,active,0.186,3.7
PROD0024, Vivo X90,CAT001,SUB0001,Vivo,SUP008,45000,59999,69999,26-04-2023,active,0.2,4.3
PROD0025, Oppo Reno10 5G,CAT001,SUB0001,Oppo,SUP009,27000,32999,38999,13-07-2023,Active,0.185,3.8
PROD0026, Oppo Reno11 5G,CAT001,SUB0001,Oppo,SUP038,29000,35999,39999,12-01-2024,Active,0.184,3.7
PROD0027, Oppo Find X5 Pro,CAT001,SUB0001,Oppo,SUP009,58000,79999,84999,24-03-2022,Active,0.218,3.6
PROD0028, Realme 11 Pro 5G,CAT001,SUB0001,Realme,SUP046,20000,23999,27999,15-06-2023,Active,0.185,3.8
PROD0029, Realme 12 Pro 5G,CAT001,SUB0001,Realme,SUP008,23000,26999,29999,29-01-2024,Active,0.19,3.8
PROD0031, Motorola Edge 40,CAT001,SUB0001,Motorola,SUP009,25000,29999,34999,23-05-2023,Active,0.172,4.2
PROD0033, Motorola Edge 50 Pro,CAT001,SUB0001,Motorola,SUP018,32000,34999,39999,03-04-2024,Active,0.186,4.2
PROD0034, Nothing Phone (1),CAT001,SUB0001,Nothing,SUP008,26000,29999,33999,12-07-2022,Discontinued,0.193,4.2
PROD0035, Nothing Phone (2),CAT001,SUB0001,Nothing,SUP033,37000,44999,49999,17-07-2023,Active,0.201,3.9
PROD0036, Nothing Phone (2a),CAT001,SUB0001,Nothing,SUP046,23000,23999,27999,12-03-2024,Active,0.19,4.1
PROD0037, iQOO Neo 7 Pro,CAT001,SUB0001,iQOO,SUP018,27000,32999,36999,04-07-2023,Active,0.197,3.7
PROD0038, iQOO 12,CAT001,SUB0001,iQOO,SUP038,45000,52999,57999,14-12-2023,Active,0.203,4
PROD0039, Poco X5 Pro 5G,CAT001,SUB0001,POCO,SUP043,17000,22999,24999,13-02-2023,Active,0.181,3.8
PROD0040, Poco F5 5G,CAT001,SUB0001,POCO,SUP038,24000,29999,33999,09-05-2023,Active,0.181,4
PROD0041, iPhone 11,CAT001,SUB0002,Apple,SUP038,36000,39999,48900,20-09-2019,Active,0.194,4.4
PROD0042, iPhone 12,CAT001,SUB0002,Apple,SUP043,43000,49999,59900,23-10-2020,Active,0.162,3.6
PROD0043, iPhone 13,CAT001,SUB0002,Apple,SUP003,50000,59999,69900,24-09-2021,Active,0.174,3.8
PROD0044, iPhone 13 Mini,CAT001,SUB0002,Apple,SUP046,48000,54999,69900,24-09-2021,Active,0.141,3.8
PROD0045, iPhone 14,CAT001,SUB0002,Apple,SUP046,56000,69999,79900,16-09-2022,Active,0.172,3.9
PROD0046, iPhone 14 Plus,CAT001,SUB0002,Apple,SUP043,62000,79999,89900,07-10-2022,Active,0.203,3.8
PROD0047, iPhone 14 Pro,CAT001,SUB0002,Apple,SUP038,76000,99999,129900,16-09-2022,Active,0.206,4.2
PROD0048, iPhone 14 Pro Max,CAT001,SUB0002,Apple,SUP008,85000,119999,139900,16-09-2022,Active,0.24,4.1
PROD0049, iPhone 15,CAT001,SUB0002,Apple,SUP008,60000,69999,79900,22-09-2023,Active,0.171,4.1
PROD0050, iPhone 15 Plus,CAT001,SUB0002,Apple,SUP003,67000,79999,89900,22-09-2023,Active,0.201,3.7
PROD0051, iPhone 15 Pro,CAT001,SUB0002,Apple,SUP009,85000,119999,134900,22-09-2023,Active,0.187,4.4
PROD0052, iPhone 15 Pro Max,CAT001,SUB0002,Apple,SUP002,95000,139999,159900,22-09-2023,Active,0.221,4.5
PROD0053, iPhone 16,CAT001,SUB0002,Apple,SUP033,68000,79999,89900,20-09-2024,Active,0.17,4.1
PROD0054, iPhone 16 Plus,CAT001,SUB0002,Apple,SUP003,74000,89999,99900,20-09-2024,Active,0.199,3.6
PROD0055, iPhone 16 Pro,CAT001,SUB0002,Apple,SUP043,90000,119999,129900,20-09-2024,Active,0.199,4.4
PROD0056, iPhone 16 Pro Max,CAT001,SUB0002,Apple,SUP024,100000,139999,149900,20-09-2024,Active,0.227,4.5
PROD0057, iPhone SE 2020,CAT001,SUB0002,Apple,SUP046,26000,32999,39900,24-04-2020,Active,0.148,4.3
PROD0058, iPhone SE 2022,CAT001,SUB0002,Apple,SUP043,32000,39999,49900,18-03-2022,Active,0.144,3.8
PROD0059,iPhone 15 Pro,CAT001,SUB0002,Apple,SUP033,72000,99900,109900,22-09-2024,Active,0.187,4.6
PROD0060,iPhone 15,CAT001,SUB0002,Apple,SUP009,52000,69900,79900,22-09-2024,Active,0.171,4.5
PROD0061,iPhone 15 Plus,CAT001,SUB0002,Apple,SUP033,60000,79900,89900,22-09-2024,Active,0.201,4.4
PROD0062, iPhone 12 Mini,CAT001,SUB0002,Apple,SUP003,40000,44999,59900,13-11-2020,Active,0.135,3.8
PROD0063, iPhone 13 Pro,CAT001,SUB0002,Apple,SUP033,70000,89999,119900,24-09-2021,Active,0.203,4.6
PROD0064, iPhone 13 Pro Max,CAT001,SUB0002,Apple,SUP046,78000,99999,129900,24-09-2021,Active,0.238,3.9
PROD0065, Nokia 105 (2023),CAT001,SUB0003,Nokia,SUP018,1600,1999,2199,19-07-2023,Active,0.078,3.8
PROD0067, Nokia 2660 Flip,CAT001,SUB0003,Nokia,SUP038,3500,4499,4999,28-07-2022,Active,0.123,3.9
PROD0068, Nokia 8210 4G,CAT001,SUB0003,Nokia,SUP002,2800,3499,3999,28-07-2022,Active,0.107,3.9
PROD0070, Nokia 110 4G,CAT001,SUB0003,Nokia,SUP003,1900,2299,2499,15-07-2021,Active,0.084,3.6
PROD0071,ASUS ROG Strix G16 2023,CAT002,SUB0004,ASUS,SUP014,72000,89999,99990,01-03-2023,Active,2.3,4.2
PROD0072,Lenovo Legion Pro 5i,CAT002,SUB0004,Lenovo,SUP040,110000,139999,149990,23-03-2023,Active,2.5,4.3
PROD0073,HP Omen 16,CAT002,SUB0004,HP,SUP030,78000,99999,109999,15-02-2023,Active,2.37,3.8
PROD0074,Acer Nitro V 15,CAT002,SUB0004,Acer,SUP014,62000,74999,84999,22-09-2023,Active,2.1,3.9
PROD0075,MSI Katana 15,CAT002,SUB0004,MSI,SUP014,65000,79999,89990,15-03-2023,Active,2.25,4
PROD0076,ASUS TUF Gaming F15,CAT002,SUB0004,ASUS,SUP010,60000,74999,84990,12-04-2023,Active,2.2,4.3
PROD0077,Lenovo LOQ 15,CAT002,SUB0004,Lenovo,SUP030,65000,79999,89990,15-06-2023,Active,2.4,3.7
PROD0079,Acer Predator Helios Neo 16,CAT002,SUB0004,Acer,SUP047,85000,109999,119999,09-05-2023,Active,2.6,3.8
PROD0080,MSI Cyborg 15,CAT002,SUB0004,MSI,SUP023,65000,79999,89990,15-03-2023,Active,1.98,3.7
PROD0081,ASUS ROG Zephyrus G14,CAT002,SUB0004,ASUS,SUP023,105000,129999,144990,01-03-2023,Active,1.72,4.1
PROD0082,Lenovo Legion Slim 5,CAT002,SUB0004,Lenovo,SUP023,90000,109999,119990,18-04-2023,Active,2.3,4.4
PROD0083,Dell G15 Gaming Laptop,CAT002,SUB0004,Dell,SUP010,72000,89999,99990,01-03-2023,Active,2.67,3.7
PROD0084,HP Omen 17,CAT002,SUB0004,HP,SUP001,105000,129999,139999,25-04-2023,Active,2.78,3.8
PROD0085,Acer Nitro 5,CAT002,SUB0004,Acer,SUP040,58000,69999,79999,10-01-2023,Active,2.3,3.8
PROD0086,MSI Raider GE68 HX,CAT002,SUB0004,MSI,SUP040,150000,179999,199990,14-06-2023,Discontinued,2.7,4.1
PROD0087,ASUS ROG Strix Scar 16,CAT002,SUB0004,ASUS,SUP023,155000,189999,209990,01-03-2023,Active,2.4,4.5
PROD0088,Lenovo Legion 5i,CAT002,SUB0004,Lenovo,SUP047,80000,99999,109990,18-04-2023,Active,2.35,4.4
PROD0089,Dell G16 Gaming Laptop,CAT002,SUB0004,Dell,SUP014,100000,129999,139990,01-03-2023,Active,2.87,4.1
PROD0090,HP Victus 16,CAT002,SUB0004,HP,SUP030,68000,84999,94999,18-05-2023,Active,2.46,3.8
PROD0091,Lenovo ThinkPad E14 Gen 5,CAT002,SUB0005,Lenovo,SUP023,52000,64999,74990,14-03-2023,Active,1.41,4.1
PROD0092,HP ProBook 440 G10,CAT002,SUB0005,HP,SUP001,54000,67999,74999,20-03-2023,Active,1.38,4.2
PROD0093,Dell Latitude 5440,CAT002,SUB0005,Dell,SUP014,65000,79999,89990,18-04-2023,Active,1.39,3.6
PROD0094,HP EliteBook 840 G10,CAT002,SUB0005,HP,SUP040,85000,104999,114999,13-04-2023,Active,1.36,4
PROD0095,Lenovo ThinkPad T14 Gen 4,CAT002,SUB0005,Lenovo,SUP036,90000,109999,119990,28-02-2023,Active,1.32,4.4
PROD0096,Dell Latitude 7440,CAT002,SUB0005,Dell,SUP023,90000,114999,124990,14-02-2023,Active,1.33,3.7
PROD0097,HP ProBook 450 G10,CAT002,SUB0005,HP,SUP023,58000,69999,79999,20-03-2023,Active,1.79,4
PROD0098,Lenovo ThinkBook 14 Gen 6,CAT002,SUB0005,Lenovo,SUP036,57000,69999,79990,15-06-2023,Active,1.38,3.8
PROD0101,Lenovo ThinkPad L14 Gen 4,CAT002,SUB0005,Lenovo,SUP030,65000,79999,89990,18-04-2023,Active,1.49,3.6
PROD0102,Dell Latitude 3540,CAT002,SUB0005,Dell,SUP001,50000,62999,69990,23-05-2023,Active,1.81,4
PROD0103,HP EliteBook 640 G10,CAT002,SUB0005,HP,SUP047,65000,79999,89999,13-04-2023,Active,1.41,4.1
PROD0104,Lenovo ThinkPad X1 Carbon Gen 11,CAT002,SUB0005,Lenovo,SUP023,105000,129999,139990,18-04-2023,Active,1.12,4.5
PROD0105,Dell Latitude 5430,CAT002,SUB0005,Dell,SUP047,62000,74999,84990,01-08-2022,Active,1.36,3.7
PROD0107,Lenovo ThinkPad E15 Gen 4,CAT002,SUB0005,Lenovo,SUP005,52000,64999,74990,01-06-2022,Active,1.7,4.2
PROD0108,Dell Vostro 3420,CAT002,SUB0005,Dell,SUP005,43000,52999,59990,15-03-2022,Active,1.48,3.6
PROD0109,HP EliteBook 650 G9,CAT002,SUB0005,HP,SUP001,65000,79999,89999,01-05-2022,Active,1.74,3.6
